{"cameraMode":{"drawMode":0,"name":"Shaded","section":"Shading Mode"},"sceneLighting":true,"audioPlay":false,"sceneViewState":{"showFog":true,"showMaterialUpdate":false,"showSkybox":true,"showFlares":true,"showImageEffects":true,"showParticleSystems":true},"in2DMode":false,"pivot":{"x":-14.90782356262207,"y":12.72607421875,"z":-6.7648539543151859},"rotation":{"x":0.16265375912189485,"y":-0.16025754809379579,"z":-0.026783883571624757,"w":-0.9732131958007813},"size":4.255770206451416,"orthographic":true}