{"cameraMode":{"drawMode":0,"name":"Shaded","section":"Shading Mode"},"sceneLighting":true,"audioPlay":false,"sceneViewState":{"showFog":true,"showMaterialUpdate":false,"showSkybox":true,"showFlares":true,"showImageEffects":true,"showParticleSystems":true},"in2DMode":false,"pivot":{"x":-2.381129026412964,"y":-0.7782590389251709,"z":4.30784273147583},"rotation":{"x":0.25950121879577639,"y":0.17978355288505555,"z":-0.04923420399427414,"w":0.9475827813148499},"size":88.95873260498047,"orthographic":true}