{"cameraMode":{"drawMode":0,"name":"Shaded","section":"Shading Mode"},"sceneLighting":false,"audioPlay":false,"sceneViewState":{"showFog":true,"showMaterialUpdate":false,"showSkybox":true,"showFlares":true,"showImageEffects":true,"showParticleSystems":true},"in2DMode":false,"pivot":{"x":27.002880096435548,"y":5.584156036376953,"z":3.3441925048828127},"rotation":{"x":-0.03179479390382767,"y":0.024582311511039735,"z":-0.0007820709142833948,"w":-0.9991917610168457},"size":183.11917114257813,"orthographic":false}