{"cameraMode":{"drawMode":0,"name":"Shaded","section":"Shading Mode"},"sceneLighting":true,"audioPlay":false,"sceneViewState":{"showFog":true,"showMaterialUpdate":false,"showSkybox":true,"showFlares":true,"showImageEffects":true,"showParticleSystems":true},"in2DMode":false,"pivot":{"x":0.6604646444320679,"y":-0.12363879382610321,"z":0.16575542092323304},"rotation":{"x":-0.35497355461120608,"y":0.16148576140403748,"z":-0.06239531934261322,"w":-0.9187072515487671},"size":8.179972648620606,"orthographic":false}