{"cameraMode":{"drawMode":0,"name":"Shaded","section":"Shading Mode"},"sceneLighting":false,"audioPlay":false,"sceneViewState":{"showFog":true,"showMaterialUpdate":false,"showSkybox":true,"showFlares":true,"showImageEffects":true,"showParticleSystems":true},"in2DMode":false,"pivot":{"x":1.7776577472686768,"y":0.5539387464523315,"z":3.734668731689453},"rotation":{"x":-0.11786909401416779,"y":0.18710151314735413,"z":-0.022619212046265603,"w":-0.9749811887741089},"size":22.0,"orthographic":false}