{"cameraMode":{"drawMode":0,"name":"Shaded","section":"Shading Mode"},"sceneLighting":true,"audioPlay":false,"sceneViewState":{"showFog":true,"showMaterialUpdate":false,"showSkybox":true,"showFlares":true,"showImageEffects":true,"showParticleSystems":true},"in2DMode":false,"pivot":{"x":0.34852269291877749,"y":3.217968702316284,"z":2.8622231483459474},"rotation":{"x":0.03595377132296562,"y":0.5702686905860901,"z":-0.024994662031531335,"w":0.8202903270721436},"size":9.217798233032227,"orthographic":true}