{"cameraMode":{"drawMode":0,"name":"Shaded","section":"Shading Mode"},"sceneLighting":false,"audioPlay":false,"sceneViewState":{"showFog":true,"showMaterialUpdate":false,"showSkybox":true,"showFlares":true,"showImageEffects":true,"showParticleSystems":true},"in2DMode":false,"pivot":{"x":-0.5264594554901123,"y":2.3774962425231935,"z":-1.5233769416809083},"rotation":{"x":0.054323501884937289,"y":-0.09570977836847305,"z":-0.0052311900071799759,"w":-0.9939121007919312},"size":4.457544803619385,"orthographic":true}