{"cameraMode":{"drawMode":0,"name":"Shaded","section":"Shading Mode"},"sceneLighting":true,"audioPlay":false,"sceneViewState":{"showFog":true,"showMaterialUpdate":false,"showSkybox":true,"showFlares":true,"showImageEffects":true,"showParticleSystems":true},"in2DMode":false,"pivot":{"x":-0.029668141156435014,"y":0.3358529210090637,"z":0.040396884083747867},"rotation":{"x":0.0026874528266489507,"y":0.015596847049891949,"z":0.00004224835356581025,"w":-0.9998748302459717},"size":1.5795578956604005,"orthographic":true}