{"cameraMode":{"drawMode":0,"name":"Shaded","section":"Shading Mode"},"sceneLighting":true,"audioPlay":false,"sceneViewState":{"showFog":true,"showMaterialUpdate":false,"showSkybox":true,"showFlares":true,"showImageEffects":true,"showParticleSystems":true},"in2DMode":false,"pivot":{"x":-0.32795771956443789,"y":5.671484470367432,"z":-0.83441162109375},"rotation":{"x":-0.6974086761474609,"y":0.021486014127731324,"z":-0.02092670649290085,"w":-0.7160457968711853},"size":10.526167869567871,"orthographic":true}